USE bd_controle_estoque;

SET FOREIGN_KEY_CHECKS = 0;

-- ==============================================
-- MÓDULO 1 - PRODUTOS
-- ==============================================

-- Tabela: produto (50 registros)
INSERT INTO produto (nome, descricao, lucro_percentual, tamanho, modelo) VALUES
('Notebook Dell Inspiron 15', 'Notebook para uso pessoal e profissional com processador Intel Core i5', 25.00, '15 polegadas', 'Inspiron 15 3511'),
('Smartphone Samsung Galaxy A54', 'Celular Android com câmera tripla e tela AMOLED', 30.00, '6.4 polegadas', 'SM-A546B'),
('Smart TV LG 50"', 'Televisão 4K UHD com sistema WebOS e controle por voz', 22.00, '50 polegadas', '50UR8750PSA'),
('Geladeira Brastemp Frost Free', 'Refrigerador duplex com tecnologia Frost Free', 18.00, '400 litros', 'BRM54'),
('Máquina de Lavar Electrolux', 'Lavadora de roupas com tecnologia inverter 13kg', 20.00, '13 kg', 'LFE13'),
('Ar Condicionado Springer Midea', 'Split inverter 9000 BTUs com controle remoto', 28.00, '9000 BTUs', 'HTQI09BBZX'),
('Micro-ondas Panasonic 32L', 'Micro-ondas com grill e 10 níveis de potência', 22.00, '32 litros', 'NN-GT69LBRU'),
('Cafeteira Nespresso Vertuo', 'Cafeteira de cápsulas com sistema Centrifusion', 45.00, NULL, 'GCV1-BR3-BK-NE'),
('Fone de Ouvido Sony WH-1000XM5', 'Headphone over-ear com cancelamento de ruído ativo', 40.00, NULL, 'WH-1000XM5'),
('Tablet Samsung Galaxy Tab A8', 'Tablet Android com tela de 10.5 pol e 64GB de armazenamento', 32.00, '10.5 polegadas', 'SM-X205NZANZTO'),
('Câmera Canon EOS Rebel SL3', 'Câmera DSLR com sensor APS-C 24.1MP', 35.00, NULL, 'EOS Rebel SL3'),
('Impressora HP DeskJet 3776', 'Impressora multifuncional jato de tinta wireless', 30.00, NULL, 'J9V88A'),
('Teclado Mecânico Redragon Kumara', 'Teclado gamer com switch blue e iluminação RGB', 50.00, NULL, 'K552'),
('Mouse Logitech MX Master 3', 'Mouse ergonômico sem fio para produtividade', 45.00, NULL, '910-005647'),
('Monitor LG 24 Full HD', 'Monitor IPS com taxa de 75Hz e FreeSync', 28.00, '24 polegadas', '24MK600M-B'),
('SSD Kingston 480GB', 'SSD SATA 2.5 pol com velocidade de leitura de 500MB/s', 38.00, '480 GB', 'SA400S37/480G'),
('Memória RAM Kingston 8GB', 'Memória DDR4 2666MHz para desktop', 35.00, '8 GB', 'KVR26N19S8/8'),
('Roteador TP-Link Archer C6', 'Roteador Gigabit AC1200 dual band', 40.00, NULL, 'Archer C6'),
('Fonte Corsair CX550M', 'Fonte modular 550W 80 Plus Bronze', 30.00, '550W', 'CP-9020102-WW'),
('Placa de Vídeo ASUS GTX 1650', 'GPU com 4GB GDDR6 e tecnologia NVIDIA Turing', 25.00, '4 GB', 'PH-GTX1650-4GD6'),
('Camiseta Masculina Básica Branca', 'Camiseta 100% algodão manga curta', 60.00, 'M', 'CM-001'),
('Calça Jeans Masculina Slim', 'Calça jeans com elastano para maior conforto', 55.00, '42', 'CJ-002'),
('Tênis Nike Air Max 270', 'Tênis esportivo com amortecimento Air Max', 65.00, '42', 'AH8050-001'),
('Mochila Samsonite 30L', 'Mochila resistente com compartimento para notebook', 50.00, '30 litros', 'CH5-001'),
('Óculos de Sol Ray-Ban Aviador', 'Óculos polarizados com armação dourada', 70.00, NULL, 'RB3025'),
('Livro Clean Code', 'Livro de boas práticas de programação por Robert C. Martin', 40.00, NULL, '978-0132350884'),
('Livro O Poder do Hábito', 'Best-seller sobre formação e mudança de hábitos', 45.00, NULL, '978-8539004119'),
('Cadeira Gamer ThunderX3', 'Cadeira ergonômica para gamers com apoio lombar', 55.00, NULL, 'TC3-Black'),
('Mesa de Escritório MDP', 'Mesa com suporte para monitor e gavetas laterais', 40.00, '1.40m x 0.60m', 'ME-140'),
('Luminária de Mesa Philips', 'Luminária LED articulável com 3 temperaturas de cor', 50.00, NULL, '71765/30/P0'),
('Garrafa Térmica Stanley 1L', 'Garrafa de inox com isolamento térmico por 12h', 55.00, '1 litro', '10-09849-001'),
('Marmita Elétrica 2 Camadas', 'Marmita com controle de temperatura e timer', 60.00, '2.5 litros', 'ME-02'),
('Panela de Pressão Tramontina 6L', 'Panela de pressão em alumínio polido com válvula de segurança', 45.00, '6 litros', '20504/160'),
('Conjunto de Facas Tramontina', 'Kit com 5 facas inox e suporte magnético', 50.00, NULL, 'CONJ-FC5'),
('Fritadeira Air Fryer Philco', 'Fritadeira sem óleo com capacidade de 4L', 48.00, '4 litros', 'PFR15P'),
('Batedeira Planetária KitchenAid', 'Batedeira com 10 velocidades e tigela de 4.3L', 42.00, '4.3 litros', 'KSM3311X'),
('Liquidificador Philips Walita', 'Liquidificador 1200W com jarra de vidro', 50.00, '2 litros', 'RI2014'),
('Ferro de Passar Mondial', 'Ferro a vapor com base cerâmica', 55.00, NULL, 'FV-29'),
('Aspirador de Pó Electrolux', 'Aspirador vertical sem fio com bateria de lítio', 40.00, NULL, 'EasyBox ZB3114'),
('Purificador de Água Consul', 'Purificador com filtro de 5 estágios e torneira removível', 35.00, NULL, 'CPB34AF'),
('Bicicleta Caloi 100 Sport', 'Bicicleta urbana aro 26 com 21 marchas', 30.00, 'Aro 26', 'C100SP21V'),
('Skate Profissional Cisco', 'Skate completo com truck de alumínio e rodas 52mm', 55.00, '8.0 pol', 'SK8-PRO'),
('Halteres 10kg Par', 'Par de halteres emborrachados para musculação', 35.00, '10 kg', 'HLT-10'),
('Elíptico Residencial Movement', 'Aparelho de exercício elíptico com 8 níveis de resistência', 30.00, NULL, 'E400'),
('Tapete Yoga 6mm Acte Sports', 'Tapete antiderrapante para yoga e pilates', 60.00, '173 x 61 cm', 'E58'),
('Perfume Natura Essencial', 'Eau de Parfum masculino com notas amadeiradas', 65.00, '100 ml', 'EDP-M100'),
('Creme Hidratante Nivea 400ml', 'Hidratante corporal com manteiga de karité', 70.00, '400 ml', 'NIV-CREAM-400'),
('Shampoo TRESemmé 400ml', 'Shampoo para cabelos ressecados com proteínas', 65.00, '400 ml', 'TRS-SHP-400'),
('Protetor Solar Neutrogena FPS70', 'Protetor solar facial sem oleosidade FPS 70', 70.00, '40 g', 'NEUT-FPS70'),
('Vitamina C 1000mg 60 capsulas', 'Suplemento vitamínico antioxidante', 80.00, '60 capsulas', 'VIT-C-1000');

-- Tabela: caracteristica (50 registros)
INSERT INTO caracteristica (nome) VALUES
('Cor'), ('Peso'), ('Material'), ('Voltagem'), ('Conectividade'),
('Processador'), ('Memória RAM'), ('Armazenamento'), ('Resolução'), ('Sistema Operacional'),
('Bateria'), ('Garantia'), ('País de Origem'), ('Certificação'), ('Frequência'),
('Consumo de Energia'), ('Velocidade'), ('Capacidade'), ('Dimensões'), ('Compatibilidade'),
('Tipo de Tela'), ('Taxa de Atualização'), ('Câmera Principal'), ('Câmera Frontal'), ('Número de Portas USB'),
('Tipo de Entrada'), ('Saída de Áudio'), ('Formato'), ('Idioma'), ('Edição'),
('Tecido'), ('Lavagem'), ('Gênero'), ('Faixa Etária'), ('Número de Peças'),
('Sabor'), ('Concentração'), ('Prazo de Validade'), ('Tipo de Filtro'), ('Nível de Proteção'),
('Tempo de Uso'), ('Tipo de Bateria'), ('Potência'), ('Velocidade de Leitura'), ('Velocidade de Escrita'),
('Número de Marchas'), ('Diâmetro do Aro'), ('Largura'), ('Altura'), ('Profundidade');

-- Tabela: Vendedor (50 registros)
INSERT INTO Vendedor (matricula, nome) VALUES
('VND001', 'Carlos Eduardo Silva'), ('VND002', 'Ana Paula Ferreira'), ('VND003', 'Roberto Mendes Costa'),
('VND004', 'Juliana Aparecida Lima'), ('VND005', 'Marcos Vinícius Souza'), ('VND006', 'Fernanda Castro Oliveira'),
('VND007', 'Diego Rodrigues Santos'), ('VND008', 'Patrícia Alves Moreira'), ('VND009', 'Lucas Henrique Barbosa'),
('VND010', 'Camila Nunes Ribeiro'), ('VND011', 'Felipe Augusto Carvalho'), ('VND012', 'Larissa Cristina Pinto'),
('VND013', 'Anderson Luis Gomes'), ('VND014', 'Vanessa Borges Martins'), ('VND015', 'Rafael Correia Teixeira'),
('VND016', 'Bruna Freitas Melo'), ('VND017', 'Thiago Vieira Andrade'), ('VND018', 'Natália Cunha Pereira'),
('VND019', 'Bruno Marques Rocha'), ('VND020', 'Isabela Nascimento Torres'), ('VND021', 'Gustavo Henrique Dias'),
('VND022', 'Daniela Cardoso Monteiro'), ('VND023', 'Leonardo Figueiredo Lopes'), ('VND024', 'Priscila Moraes Araújo'),
('VND025', 'Vitor Hugo Batista'), ('VND026', 'Aline Nogueira Campos'), ('VND027', 'Rodrigo Albuquerque Pires'),
('VND028', 'Sabrina Leite Vasconcellos'), ('VND029', 'Erick Cavalcanti Silveira'), ('VND030', 'Monique Rezende Almeida'),
('VND031', 'João Paulo Macedo'), ('VND032', 'Tânia Marcelino Cruz'), ('VND033', 'Alexandre Fonseca Queiroz'),
('VND034', 'Simone Paiva Sousa'), ('VND035', 'Henrique Lacerda Miranda'), ('VND036', 'Raquel Dantas Vieira'),
('VND037', 'Eduardo Saraiva Freire'), ('VND038', 'Luciana Brito Azevedo'), ('VND039', 'Mateus Fernandes Cavalcante'),
('VND040', 'Viviane Ramos Guimarães'), ('VND041', 'Pedro Igor Negrão'), ('VND042', 'Jaqueline Sampaio Fontes'),
('VND043', 'Renato Duarte Carneiro'), ('VND044', 'Poliana Ximenes Bezerra'), ('VND045', 'Caio César Aguiar'),
('VND046', 'Tatiane Holanda Furtado'), ('VND047', 'Luiz Fernando Coutinho'), ('VND048', 'Elizângela Mota Braga'),
('VND049', 'Igor Stéfano Medeiros'), ('VND050', 'Adriana Passos Lustosa');

-- Tabela: fornecedor (50 registros)
INSERT INTO fornecedor (nome, cnpj, logradouro, numero, complemento, bairro, cidade, uf, cep) VALUES
('TechPrime Distribuidora Ltda', '12345678000101', 'Av. Paulista', '1500', 'Sala 210', 'Bela Vista', 'São Paulo', 'SP', '01310100'),
('ElectroMax Comércio Ltda', '23456789000102', 'Rua do Comércio', '300', NULL, 'Centro', 'São Paulo', 'SP', '01001000'),
('Digital Store Atacado SA', '34567890000103', 'Av. das Américas', '5000', 'Bloco B', 'Barra da Tijuca', 'Rio de Janeiro', 'RJ', '22640100'),
('Moda Trend Distribuidora', '45678901000104', 'Rua Oscar Freire', '800', NULL, 'Jardins', 'São Paulo', 'SP', '01426001'),
('FoodTech Alimentos Ltda', '56789012000105', 'Rod. BR-116', '12000', 'Galpão 5', 'Distrito Industrial', 'Fortaleza', 'CE', '60873400'),
('Eletro Brasil Atacado Ltda', '67890123000106', 'Av. Doutora Ruth Cardoso', '7221', NULL, 'Pinheiros', 'São Paulo', 'SP', '05425902'),
('Hardware Plus Distribuidora', '78901234000107', 'Rua Vergueiro', '3185', 'Conj. 101', 'Vila Mariana', 'São Paulo', 'SP', '04101300'),
('Sports World Comércio', '89012345000108', 'Av. Beira Mar', '4300', NULL, 'Meireles', 'Fortaleza', 'CE', '60165121'),
('Saúde e Bem Estar Dist.', '90123456000109', 'Rua das Flores', '500', NULL, 'Boa Viagem', 'Recife', 'PE', '51021010'),
('Livraria Central Atacado', '01234567000110', 'Rua da Consolação', '2200', NULL, 'Consolação', 'São Paulo', 'SP', '01301100'),
('Casa e Conforto Dist. Ltda', '11223344000111', 'Av. do Contorno', '6000', NULL, 'Lourdes', 'Belo Horizonte', 'MG', '30110050'),
('InfoPeças Tecnologia SA', '22334455000112', 'Rua Marechal Deodoro', '1000', 'Sala 5', 'Centro', 'Curitiba', 'PR', '80010010'),
('Moda Bella Distribuidora', '33445566000113', 'Rua Floriano Peixoto', '1200', NULL, 'Centro', 'Porto Alegre', 'RS', '90010141'),
('Fitness Premium Atacado', '44556677000114', 'Av. Eng. Luís Carlos Berrini', '1700', NULL, 'Itaim Bibi', 'São Paulo', 'SP', '04571000'),
('Natura Cosméticos Dist.', '55667788000115', 'Av. Alexandre Colares', '1188', NULL, 'Parque Anhembi', 'São Paulo', 'SP', '02119250'),
('Print e Copy Distribuidora', '66778899000116', 'SCS Quadra 2', '30', 'Loja 15', 'Asa Sul', 'Brasília', 'DF', '70316902'),
('SoundPro Audio Ltda', '77889900000117', 'Rua Augusta', '2500', NULL, 'Consolação', 'São Paulo', 'SP', '01413100'),
('Chef Tools Dist. Ltda', '88990011000118', 'Rua Frei Caneca', '1500', NULL, 'Consolação', 'São Paulo', 'SP', '01307002'),
('OfficeBase Atacado', '99001122000119', 'Av. Carlos Gomes', '1200', 'Sala 800', 'Boa Viagem', 'Recife', 'PE', '51020020'),
('PetShop Central Dist.', '10112233000120', 'Rua Sinimbu', '900', NULL, 'Centro', 'Fortaleza', 'CE', '60040180'),
('Agro Produtos Ltda', '21223344000121', 'Rod. GO-020', '8500', NULL, 'Zona Rural', 'Goiânia', 'GO', '74000000'),
('Auto Peças Premier', '32334455000122', 'Rua João Ramalho', '1200', NULL, 'Perdizes', 'São Paulo', 'SP', '05008020'),
('Calçados Master Dist.', '43445566000123', 'Av. Rio Branco', '156', NULL, 'Centro', 'Rio de Janeiro', 'RJ', '20040901'),
('Bebidas Select Atacado', '54556677000124', 'Av. ACM', '3000', NULL, 'Candeal', 'Salvador', 'BA', '41150300'),
('Móveis e Cia Distribuidora', '65667788000125', 'Av. Salgado Filho', '5000', 'Galpão A', 'Alecrim', 'Natal', 'RN', '59020030'),
('Construção Forte Dist.', '76778899000126', 'Rua Marechal Floriano', '800', NULL, 'Centro', 'Porto Alegre', 'RS', '90010050'),
('Beleza Total Atacado', '87890011000127', 'Av. Domingos Ferreira', '3000', NULL, 'Boa Viagem', 'Recife', 'PE', '51020010'),
('Garden Plus Dist. Ltda', '98901122000128', 'Rua da Paz', '1800', NULL, 'Jardim América', 'São Paulo', 'SP', '01412000'),
('CinePhoto Equipamentos', '09012233000129', 'Av. Nilo Peçanha', '50', 'Sala 901', 'Centro', 'Rio de Janeiro', 'RJ', '20020100'),
('Brinquedos e Fun Atacado', '10122344000130', 'Rua Haddock Lobo', '595', NULL, 'Cerqueira César', 'São Paulo', 'SP', '01414000'),
('Papelaria Total Dist.', '20132455000131', 'Rua da Quitanda', '86', NULL, 'Centro', 'Rio de Janeiro', 'RJ', '20091005'),
('Musical e Arte Dist.', '30142566000132', 'Rua Augusta', '1500', NULL, 'Bela Vista', 'São Paulo', 'SP', '01304001'),
('Bio Orgânicos Atacado', '40152677000133', 'Estr. das Lágrimas', '4000', NULL, 'São João Climaco', 'São Paulo', 'SP', '04357001'),
('TechAcessórios Dist.', '50162788000134', 'Av. Vieira Souto', '320', NULL, 'Ipanema', 'Rio de Janeiro', 'RJ', '22420002'),
('Limpeza e Higiene Ltda', '60172899000135', 'Rua Sena Madureira', '1500', NULL, 'Vila Mariana', 'São Paulo', 'SP', '04021052'),
('Papéis e Impressos Dist.', '70182900000136', 'Rua do Ouvidor', '60', NULL, 'Centro', 'Rio de Janeiro', 'RJ', '20040030'),
('Farmácia Atacado Ltda', '80192011000137', 'Av. Barão de Studart', '1900', NULL, 'Aldeota', 'Fortaleza', 'CE', '60120001'),
('Ferramentas Brasil Dist.', '90202122000138', 'Av. Industrial', '900', NULL, 'Distrito Industrial', 'Manaus', 'AM', '69075000'),
('Criança e Lazer Atacado', '01212233000139', 'Av. Washington Luis', '2000', NULL, 'Chácara Flora', 'São Paulo', 'SP', '04628000'),
('Energia Solar Dist. Ltda', '11222344000140', 'Rod. SC-401', '8600', 'Sala 4', 'Saco Grande', 'Florianópolis', 'SC', '88032300'),
('Vídeo Games Plus Atacado', '22232455000141', 'Av. Paulista', '900', 'Conj. 75', 'Bela Vista', 'São Paulo', 'SP', '01310100'),
('Doces e Gostosos Dist.', '33242566000142', 'Av. Goiás', '1500', NULL, 'Centro', 'Goiânia', 'GO', '74110010'),
('Padaria e Confeitaria Atacado', '44252677000143', 'Rua Tuiuti', '3000', NULL, 'Tatuapé', 'São Paulo', 'SP', '03307001'),
('Vinhos e Espumantes Dist.', '55262788000144', 'Rua dos Andradas', '1234', NULL, 'Centro Histórico', 'Porto Alegre', 'RS', '90020008'),
('Vestuário Infantil Atacado', '66272899000145', 'Rua Barão de Itapetininga', '275', NULL, 'República', 'São Paulo', 'SP', '01042001'),
('Esportes Radicais Dist.', '77282900000146', 'Av. das Nações Unidas', '14261', NULL, 'Chácara Santo Antônio', 'São Paulo', 'SP', '04794000'),
('Borracha e Latex Dist.', '88293011000147', 'Av. Getúlio Vargas', '1000', NULL, 'Funcionários', 'Belo Horizonte', 'MG', '30112021'),
('Madeira e Derivados Dist.', '99303122000148', 'Av. Assis Brasil', '7200', NULL, 'Sarandi', 'Porto Alegre', 'RS', '91140001'),
('Vidros e Espelhos Atacado', '10313233000149', 'Av. Barbacena', '1300', NULL, 'Santo Agostinho', 'Belo Horizonte', 'MG', '30190131'),
('Tecidos Finos Dist. Ltda', '20323344000150', 'Rua XV de Novembro', '500', NULL, 'Centro', 'Curitiba', 'PR', '80020310');

-- Tabela: cliente (50 registros)
INSERT INTO cliente (nome, cpf, email) VALUES
('Maria Aparecida Silva', '12345678901', 'maria.silva@email.com'),
('João Carlos Santos', '23456789012', 'joao.santos@email.com'),
('Ana Beatriz Oliveira', '34567890123', 'ana.oliveira@email.com'),
('Pedro Henrique Ferreira', '45678901234', 'pedro.ferreira@email.com'),
('Luíza Cristina Rodrigues', '56789012345', 'luiza.rodrigues@email.com'),
('Paulo Roberto Lima', '67890123456', 'paulo.lima@email.com'),
('Fernanda Maria Costa', '78901234567', 'fernanda.costa@email.com'),
('Ricardo Alves Pereira', '89012345678', 'ricardo.pereira@email.com'),
('Cláudia Regina Souza', '90123456789', 'claudia.souza@email.com'),
('Marcos Antonio Gomes', '01234567890', 'marcos.gomes@email.com'),
('Tatiana Freitas Barbosa', '11223344556', 'tatiana.barbosa@email.com'),
('Renato Pires Carvalho', '22334455667', 'renato.carvalho@email.com'),
('Vanessa Machado Ribeiro', '33445566778', 'vanessa.ribeiro@email.com'),
('Fábio Nogueira Castro', '44556677889', 'fabio.castro@email.com'),
('Sandra Leite Torres', '55667788990', 'sandra.torres@email.com'),
('Alexandre Vieira Monteiro', '66778899001', 'alexandre.monteiro@email.com'),
('Priscila Cunha Dias', '77889900112', 'priscila.dias@email.com'),
('Eduardo Melo Correia', '88990011223', 'eduardo.correia@email.com'),
('Carolina Batista Mendes', '99001122334', 'carolina.mendes@email.com'),
('Gustavo Rocha Nunes', '00112233445', 'gustavo.nunes@email.com'),
('Letícia Duarte Campos', '12233445566', 'leticia.campos@email.com'),
('Rodrigo Fonseca Araujo', '23344556677', 'rodrigo.araujo@email.com'),
('Juliana Cardoso Martins', '34455667788', 'juliana.martins@email.com'),
('Daniel Marques Teixeira', '45566778899', 'daniel.teixeira@email.com'),
('Simone Cavalcante Rezende', '56677889900', 'simone.rezende@email.com'),
('Henrique Lopes Andrade', '67788900011', 'henrique.andrade@email.com'),
('Patrícia Ramos Moraes', '78899011122', 'patricia.moraes@email.com'),
('Caio Albuquerque Pinto', '89900122233', 'caio.pinto@email.com'),
('Bianca Nascimento Cruz', '90011233344', 'bianca.cruz@email.com'),
('Tiago Queiroz Miranda', '01122344455', 'tiago.miranda@email.com'),
('Monique Saraiva Brito', '12132455566', 'monique.brito@email.com'),
('Leandro Dantas Fontes', '23143566677', 'leandro.fontes@email.com'),
('Isabela Furtado Azevedo', '34154677788', 'isabela.azevedo@email.com'),
('Vinícius Lacerda Guimarães', '45165788899', 'vinicius.guimaraes@email.com'),
('Aline Borges Lustosa', '56176899900', 'aline.lustosa@email.com'),
('Mateus Coutinho Braga', '67187900011', 'mateus.braga@email.com'),
('Sabrina Mota Holanda', '78198011122', 'sabrina.holanda@email.com'),
('Igor Passos Bezerra', '89209122233', 'igor.bezerra@email.com'),
('Jaqueline Sampaio Aguiar', '90210233344', 'jaqueline.aguiar@email.com'),
('André Ximenes Carneiro', '01221344455', 'andre.carneiro@email.com'),
('Eliane Stéfano Vasconcellos', '12232455566', 'eliane.vasconcellos@email.com'),
('Thales Fernandes Silveira', '23243566677', 'thales.silveira@email.com'),
('Camila Cavalcanti Almeida', '34254677788', 'camila.almeida@email.com'),
('Roberto Medeiros Macedo', '45265788899', 'roberto.macedo@email.com'),
('Aisha Coelho Marcelino', '56276899900', 'aisha.marcelino@email.com'),
('Otávio Figueiredo Paiva', '67287900011', 'otavio.paiva@email.com'),
('Nathália Rezende Freire', '78298011122', 'nathalia.freire@email.com'),
('Cristiano Belo Sousa', '89309122233', 'cristiano.sousa@email.com'),
('Laís Cardoso Vieira', '90310233344', 'lais.vieira@email.com'),
('Wellington Bastos Fontoura', '01321344455', 'wellington.fontoura@email.com');

-- Tabela: transportadora (50 registros)
INSERT INTO transportadora (nome, cnpj) VALUES
('Correios', '34028316000103'), ('Jadlog Logística SA', '04884082000180'),
('Localfrio Logística Ltda', '11222333000144'), ('Braspress Transportes Urgentes', '48740351000165'),
('Sequoia Logística do Brasil', '11012587000127'), ('DHL Express Brasil', '23740351000100'),
('FedEx Brasil Ltda', '34851462000111'), ('Mercado Envios Ltda', '45962573000122'),
('Total Express Ltda', '61760640000112'), ('TNT Mercúrio Cargas', '72870741000133'),
('Ryder Brasil Logística', '83981852000144'), ('Latam Cargo Brasil', '94092963000155'),
('Azul Cargo Express', '05203074000166'), ('Gol Logística Ltda', '16314185000177'),
('LATAM Airlines Cargo', '27425296000188'), ('Pegasus Logística Ltda', '38536307000199'),
('Flash Courier Ltda', '49647418000100'), ('Expresso Araçatuba SA', '50758529000111'),
('Rodonaves Transportes SA', '61869630000122'), ('Cometa Cargas Ltda', '72970741000133'),
('Rapidão Cometa Ltda', '83081852000144'), ('Log-In Logística Intermodal', '94192963000155'),
('Rio Aéreo Expresso Ltda', '05303074000166'), ('Patrus Transportes Urgentes', '16414185000177'),
('Transfolha Ltda', '27525296000188'), ('Nobre Transporte Ltda', '38636307000199'),
('Orteng Equipamentos', '49747418000100'), ('Luft Logistics Ltda', '50858529000111'),
('Vix Logística SA', '61969630000122'), ('Quality Express Ltda', '73070741000133'),
('Cross Segurança e Logística', '84181852000144'), ('Braspress Plus Transportes', '95292963000155'),
('RapidLog Ltda', '06403074000166'), ('OceanAir Cargas Ltda', '17514185000177'),
('SpeedLog Brasil Ltda', '28625296000188'), ('Express Courier Ltda', '39736307000199'),
('MoveLog Transportes Ltda', '40847418000100'), ('FastTrack Logística', '51958529000111'),
('Conecta Logística Ltda', '63069630000122'), ('PrimeLog SA', '74170741000133'),
('VelozLog Ltda', '85281852000144'), ('SafeShip Brasil', '96392963000155'),
('GreenLog Sustentável', '07503074000166'), ('AgilLog Express', '18614185000177'),
('NovaCargo Ltda', '29725296000188'), ('UltraLog Logística', '30836307000199'),
('CargoPrime Ltda', '41947418000100'), ('TransBrasil Cargas', '53058529000111'),
('HorizonLog SA', '64169630000122'), ('MaxiCargo Brasil', '75270741000133');

-- ==============================================
-- MÓDULO 1 - CONTINUAÇÃO
-- ==============================================

-- Tabela: unidade_venda (50 registros)
INSERT INTO unidade_venda (tipo, produto_idproduto) VALUES
('Unidade', 1), ('Unidade', 2), ('Unidade', 3), ('Unidade', 4), ('Unidade', 5),
('Unidade', 6), ('Unidade', 7), ('Unidade', 8), ('Par', 9), ('Unidade', 10),
('Unidade', 11), ('Unidade', 12), ('Unidade', 13), ('Unidade', 14), ('Unidade', 15),
('Unidade', 16), ('Unidade', 17), ('Unidade', 18), ('Unidade', 19), ('Unidade', 20),
('Unidade', 21), ('Unidade', 22), ('Par', 23), ('Unidade', 24), ('Unidade', 25),
('Unidade', 26), ('Unidade', 27), ('Unidade', 28), ('Unidade', 29), ('Unidade', 30),
('Unidade', 31), ('Unidade', 32), ('Unidade', 33), ('Conjunto', 34), ('Unidade', 35),
('Unidade', 36), ('Unidade', 37), ('Unidade', 38), ('Unidade', 39), ('Unidade', 40),
('Unidade', 41), ('Unidade', 42), ('Par', 43), ('Unidade', 44), ('Unidade', 45),
('Frasco', 46), ('Frasco', 47), ('Frasco', 48), ('Frasco', 49), ('Frasco', 50);

-- Tabela: Produto_Has_Caracteristica (50 registros)
INSERT INTO Produto_Has_Caracteristica (Produto_IdProduto, Caracteristica_IdCaracteristica, valor) VALUES
(1, 6, 'Intel Core i5-1135G7'), (1, 7, '8 GB DDR4'), (1, 8, '256 GB SSD'),
(2, 5, 'Wi-Fi 6, Bluetooth 5.0'), (2, 9, '2400x1080 pixels'), (2, 10, 'Android 13'),
(3, 9, '3840x2160 4K'), (3, 4, '110/220V'), (4, 18, '400 litros'),
(4, 4, '110V'), (5, 18, '13 kg'), (5, 4, '127V'),
(6, 43, '900W'), (6, 4, '220V'), (7, 43, '1000W'),
(8, 5, 'Bluetooth 5.0'), (9, 5, 'Bluetooth 5.2, NFC'), (10, 8, '64 GB'),
(11, 9, '6000x4000 pixels'), (12, 5, 'Wi-Fi, USB, Bluetooth'), (13, 1, 'Preto'),
(14, 5, 'Bluetooth, USB'), (15, 9, '1920x1080 Full HD'), (16, 44, '500 MB/s'),
(17, 7, '8 GB'), (18, 5, 'Wi-Fi 5, Gigabit Ethernet'), (19, 43, '550W'),
(20, 8, '4 GB GDDR6'), (21, 31, 'Algodão 100%'), (22, 31, 'Algodão com Elastano'),
(23, 1, 'Preto/Branco'), (24, 3, 'Poliéster 1680D'), (25, 1, 'Dourado'),
(26, 29, 'Português'), (27, 29, 'Português'), (28, 1, 'Preto'),
(29, 19, '140 x 60 cm'), (30, 1, 'Branco'), (31, 3, 'Inox'),
(32, 3, 'Inox e Plástico ABS'), (33, 3, 'Alumínio Polido'), (34, 3, 'Aço Inox'),
(35, 43, '1500W'), (36, 43, '1000W'), (37, 43, '1200W'),
(38, 43, '2200W'), (39, 43, '2400W'), (40, 4, '127V/220V'),
(41, 46, 'Aro 26, 21 marchas'), (42, 3, 'Maple'), (43, 2, '10 kg cada'),
(44, 41, '8 níveis de resistência'), (45, 3, 'PVC 6mm'), (46, 36, 'Amadeirado'),
(47, 37, '10%'), (48, 37, 'FPS 70'), (49, 37, '1000 mg'), (50, 38, '12 meses');

-- ==============================================
-- MÓDULO 2 - PREÇOS
-- ==============================================

-- Tabela: meta_vendedor (50 registros)
INSERT INTO meta_vendedor (Vendedor_idVendedor, mes, ano, valor_meta) VALUES
(1, 1, 2024, 15000.00), (2, 1, 2024, 12000.00), (3, 1, 2024, 18000.00),
(4, 1, 2024, 10000.00), (5, 1, 2024, 20000.00), (6, 1, 2024, 13000.00),
(7, 1, 2024, 11000.00), (8, 1, 2024, 16000.00), (9, 1, 2024, 14000.00),
(10, 1, 2024, 12500.00), (11, 2, 2024, 15500.00), (12, 2, 2024, 13000.00),
(13, 2, 2024, 17000.00), (14, 2, 2024, 11000.00), (15, 2, 2024, 19000.00),
(16, 2, 2024, 14000.00), (17, 2, 2024, 12000.00), (18, 2, 2024, 16500.00),
(19, 2, 2024, 15000.00), (20, 2, 2024, 13500.00), (21, 3, 2024, 16000.00),
(22, 3, 2024, 14000.00), (23, 3, 2024, 18500.00), (24, 3, 2024, 11500.00),
(25, 3, 2024, 21000.00), (26, 3, 2024, 13500.00), (27, 3, 2024, 12500.00),
(28, 3, 2024, 17000.00), (29, 3, 2024, 15500.00), (30, 3, 2024, 14000.00),
(31, 4, 2024, 16500.00), (32, 4, 2024, 14500.00), (33, 4, 2024, 19000.00),
(34, 4, 2024, 12000.00), (35, 4, 2024, 22000.00), (36, 4, 2024, 14000.00),
(37, 4, 2024, 13000.00), (38, 4, 2024, 17500.00), (39, 4, 2024, 16000.00),
(40, 4, 2024, 14500.00), (41, 5, 2024, 17000.00), (42, 5, 2024, 15000.00),
(43, 5, 2024, 19500.00), (44, 5, 2024, 12500.00), (45, 5, 2024, 23000.00),
(46, 5, 2024, 14500.00), (47, 5, 2024, 13500.00), (48, 5, 2024, 18000.00),
(49, 5, 2024, 16500.00), (50, 5, 2024, 15000.00);

-- Tabela: preco (50 registros)
INSERT INTO preco (valor, data_inicio, data_fim, Produto_IdProduto, Vendedor_IdVendedor) VALUES
(3299.90, '2024-01-01', NULL, 1, 1), (1799.90, '2024-01-01', NULL, 2, 2),
(2499.90, '2024-01-01', NULL, 3, 3), (3199.90, '2024-01-01', NULL, 4, 4),
(2799.90, '2024-01-01', NULL, 5, 5), (1599.90, '2024-01-01', NULL, 6, 6),
(499.90, '2024-01-01', NULL, 7, 7), (699.90, '2024-01-01', NULL, 8, 8),
(1999.90, '2024-01-01', NULL, 9, 9), (1199.90, '2024-01-01', NULL, 10, 10),
(3999.90, '2024-01-01', NULL, 11, 11), (399.90, '2024-01-01', NULL, 12, 12),
(299.90, '2024-01-01', NULL, 13, 13), (599.90, '2024-01-01', NULL, 14, 14),
(799.90, '2024-01-01', NULL, 15, 15), (299.90, '2024-01-01', NULL, 16, 16),
(179.90, '2024-01-01', NULL, 17, 17), (249.90, '2024-01-01', NULL, 18, 18),
(499.90, '2024-01-01', NULL, 19, 19), (1299.90, '2024-01-01', NULL, 20, 20),
(69.90, '2024-01-01', NULL, 21, 21), (129.90, '2024-01-01', NULL, 22, 22),
(399.90, '2024-01-01', NULL, 23, 23), (299.90, '2024-01-01', NULL, 24, 24),
(599.90, '2024-01-01', NULL, 25, 25), (89.90, '2024-01-01', NULL, 26, 26),
(59.90, '2024-01-01', NULL, 27, 27), (1299.90, '2024-01-01', NULL, 28, 28),
(799.90, '2024-01-01', NULL, 29, 29), (199.90, '2024-01-01', NULL, 30, 30),
(149.90, '2024-01-01', NULL, 31, 31), (89.90, '2024-01-01', NULL, 32, 32),
(219.90, '2024-01-01', NULL, 33, 33), (349.90, '2024-01-01', NULL, 34, 34),
(499.90, '2024-01-01', NULL, 35, 35), (1899.90, '2024-01-01', NULL, 36, 36),
(999.90, '2024-01-01', NULL, 37, 37), (299.90, '2024-01-01', NULL, 38, 38),
(199.90, '2024-01-01', NULL, 39, 39), (999.90, '2024-01-01', NULL, 40, 40),
(1799.90, '2024-01-01', NULL, 41, 41), (249.90, '2024-01-01', NULL, 42, 42),
(149.90, '2024-01-01', NULL, 43, 43), (3499.90, '2024-01-01', NULL, 44, 44),
(89.90, '2024-01-01', NULL, 45, 45), (189.90, '2024-01-01', NULL, 46, 46),
(29.90, '2024-01-01', NULL, 47, 47), (59.90, '2024-01-01', NULL, 48, 48),
(69.90, '2024-01-01', NULL, 49, 49), (89.90, '2024-01-01', NULL, 50, 50);

-- ==============================================
-- MÓDULO 3 - FORNECEDORES
-- ==============================================

-- Tabela: telefone_fornecedor (50 registros)
INSERT INTO telefone_fornecedor (numero, fornecedor_idfornecedor) VALUES
('1133001100', 1), ('1122002200', 2), ('2133003300', 3), ('1144004400', 4), ('8533005500', 5),
('1155006600', 6), ('1166007700', 7), ('8577008800', 8), ('8122009900', 9), ('1177010010', 10),
('3133011011', 11), ('4133012012', 12), ('5133013013', 13), ('1188014014', 14), ('1199015015', 15),
('6133016016', 16), ('1100017017', 17), ('1111018018', 18), ('8122019019', 19), ('8533020020', 20),
('6233021021', 21), ('1122022022', 22), ('2133023023', 23), ('7133024024', 24), ('8433025025', 25),
('5133026026', 26), ('8122027027', 27), ('1133028028', 28), ('2133029029', 29), ('1144030030', 30),
('2133031031', 31), ('2133032032', 32), ('1133033033', 33), ('1133034034', 34), ('1133035035', 35),
('6133036036', 36), ('9233037037', 37), ('8122038038', 38), ('6933039039', 39), ('4833040040', 40),
('1133041041', 41), ('6233042042', 42), ('1133043043', 43), ('5133044044', 44), ('1133045045', 45),
('1133046046', 46), ('3133047047', 47), ('3133048048', 48), ('3133049049', 49), ('4133050050', 50);

-- Tabela: produto_has_fornecedor (50 registros)
INSERT INTO produto_has_fornecedor (produto_idproduto, fornecedor_idfornecedor) VALUES
(1, 1), (2, 1), (3, 2), (4, 11), (5, 11), (6, 6), (7, 6), (8, 18), (9, 17), (10, 1),
(11, 29), (12, 16), (13, 7), (14, 7), (15, 2), (16, 12), (17, 12), (18, 7), (19, 7), (20, 7),
(21, 4), (22, 4), (23, 23), (24, 24), (25, 25), (26, 10), (27, 10), (28, 25), (29, 25), (30, 30),
(31, 30), (32, 18), (33, 18), (34, 18), (35, 18), (36, 18), (37, 18), (38, 18), (39, 6), (40, 6),
(41, 8), (42, 8), (43, 8), (44, 8), (45, 8), (46, 15), (47, 15), (48, 15), (49, 9), (50, 9);

-- ==============================================
-- MÓDULO 4 - COMPRAS E ESTOQUE
-- ==============================================

-- Tabela: compra (50 registros)
INSERT INTO compra (fornecedor_idfornecedor, data_compra, data_pagamento, condicao_prevista_pagamento, data_prevista_entrega) VALUES
(1, '2024-01-05', '2024-01-10', '30 dias', '2024-01-15'), (2, '2024-01-06', '2024-01-11', '30 dias', '2024-01-16'),
(3, '2024-01-07', NULL, '60 dias', '2024-01-20'), (4, '2024-01-08', '2024-01-13', 'À vista', '2024-01-18'),
(5, '2024-01-09', NULL, '45 dias', '2024-01-22'), (6, '2024-01-10', '2024-01-15', '30 dias', '2024-01-20'),
(7, '2024-01-11', '2024-01-16', '30 dias', '2024-01-21'), (8, '2024-01-12', NULL, '60 dias', '2024-01-25'),
(9, '2024-01-13', '2024-01-18', 'À vista', '2024-01-23'), (10, '2024-01-14', NULL, '45 dias', '2024-01-28'),
(11, '2024-01-15', '2024-01-20', '30 dias', '2024-01-25'), (12, '2024-01-16', '2024-01-21', '30 dias', '2024-01-26'),
(13, '2024-01-17', NULL, '60 dias', '2024-01-30'), (14, '2024-01-18', '2024-01-23', 'À vista', '2024-01-28'),
(15, '2024-01-19', NULL, '45 dias', '2024-02-01'), (16, '2024-01-20', '2024-01-25', '30 dias', '2024-01-30'),
(17, '2024-01-21', '2024-01-26', '30 dias', '2024-01-31'), (18, '2024-01-22', NULL, '60 dias', '2024-02-05'),
(19, '2024-01-23', '2024-01-28', 'À vista', '2024-02-02'), (20, '2024-01-24', NULL, '45 dias', '2024-02-07'),
(21, '2024-01-25', '2024-01-30', '30 dias', '2024-02-04'), (22, '2024-01-26', '2024-01-31', '30 dias', '2024-02-05'),
(23, '2024-01-27', NULL, '60 dias', '2024-02-10'), (24, '2024-01-28', '2024-02-02', 'À vista', '2024-02-07'),
(25, '2024-01-29', NULL, '45 dias', '2024-02-12'), (26, '2024-01-30', '2024-02-04', '30 dias', '2024-02-09'),
(27, '2024-01-31', '2024-02-05', '30 dias', '2024-02-10'), (28, '2024-02-01', NULL, '60 dias', '2024-02-15'),
(29, '2024-02-02', '2024-02-07', 'À vista', '2024-02-12'), (30, '2024-02-03', NULL, '45 dias', '2024-02-17'),
(31, '2024-02-04', '2024-02-09', '30 dias', '2024-02-14'), (32, '2024-02-05', '2024-02-10', '30 dias', '2024-02-15'),
(33, '2024-02-06', NULL, '60 dias', '2024-02-20'), (34, '2024-02-07', '2024-02-12', 'À vista', '2024-02-17'),
(35, '2024-02-08', NULL, '45 dias', '2024-02-22'), (36, '2024-02-09', '2024-02-14', '30 dias', '2024-02-19'),
(37, '2024-02-10', '2024-02-15', '30 dias', '2024-02-20'), (38, '2024-02-11', NULL, '60 dias', '2024-02-25'),
(39, '2024-02-12', '2024-02-17', 'À vista', '2024-02-22'), (40, '2024-02-13', NULL, '45 dias', '2024-02-27'),
(41, '2024-02-14', '2024-02-19', '30 dias', '2024-02-24'), (42, '2024-02-15', '2024-02-20', '30 dias', '2024-02-25'),
(43, '2024-02-16', NULL, '60 dias', '2024-03-02'), (44, '2024-02-17', '2024-02-22', 'À vista', '2024-02-27'),
(45, '2024-02-18', NULL, '45 dias', '2024-03-04'), (46, '2024-02-19', '2024-02-24', '30 dias', '2024-03-01'),
(47, '2024-02-20', '2024-02-25', '30 dias', '2024-03-02'), (48, '2024-02-21', NULL, '60 dias', '2024-03-07'),
(49, '2024-02-22', '2024-02-27', 'À vista', '2024-03-04'), (50, '2024-02-23', NULL, '45 dias', '2024-03-09');

-- Tabela: item_has_compra (50 registros)
INSERT INTO item_has_compra (compra_idcompra, produto_idProduto, quantidade, valor_negociado) VALUES
(1, 1, 10, 2400.00), (2, 2, 20, 1200.00), (3, 3, 5, 1800.00), (4, 4, 3, 2600.00),
(5, 5, 4, 2100.00), (6, 6, 8, 1100.00), (7, 7, 15, 350.00), (8, 8, 10, 450.00),
(9, 9, 5, 1400.00), (10, 10, 12, 850.00), (11, 11, 3, 2800.00), (12, 12, 20, 280.00),
(13, 13, 30, 190.00), (14, 14, 10, 400.00), (15, 15, 8, 550.00), (16, 16, 25, 200.00),
(17, 17, 40, 120.00), (18, 18, 15, 170.00), (19, 19, 10, 350.00), (20, 20, 5, 950.00),
(21, 21, 100, 42.00), (22, 22, 50, 80.00), (23, 23, 20, 240.00), (24, 24, 15, 180.00),
(25, 25, 10, 360.00), (26, 26, 30, 55.00), (27, 27, 30, 38.00), (28, 28, 5, 850.00),
(29, 29, 8, 520.00), (30, 30, 20, 130.00), (31, 31, 15, 95.00), (32, 32, 30, 55.00),
(33, 33, 20, 145.00), (34, 34, 10, 225.00), (35, 35, 15, 320.00), (36, 36, 5, 1250.00),
(37, 37, 8, 650.00), (38, 38, 20, 190.00), (39, 39, 25, 130.00), (40, 40, 10, 660.00),
(41, 41, 8, 1230.00), (42, 42, 20, 160.00), (43, 43, 30, 95.00), (44, 44, 3, 2400.00),
(45, 45, 50, 57.00), (46, 46, 20, 115.00), (47, 47, 50, 17.00), (48, 48, 30, 36.00),
(49, 49, 40, 40.00), (50, 50, 40, 52.00);

-- Tabela: estoque (50 registros)
INSERT INTO estoque (itemcompra_idItemCompra, produto_idproduto, quantidade_recebida, quantidade_atual, data_validade, numero_lote) VALUES
(1, 1, 10, 7, NULL, 'LOTE-NB-001'), (2, 2, 20, 15, NULL, 'LOTE-SM-002'),
(3, 3, 5, 4, NULL, 'LOTE-TV-003'), (4, 4, 3, 2, NULL, 'LOTE-GEL-004'),
(5, 5, 4, 3, NULL, 'LOTE-LAV-005'), (6, 6, 8, 6, NULL, 'LOTE-AC-006'),
(7, 7, 15, 12, NULL, 'LOTE-MW-007'), (8, 8, 10, 8, NULL, 'LOTE-CAF-008'),
(9, 9, 5, 4, NULL, 'LOTE-FO-009'), (10, 10, 12, 10, NULL, 'LOTE-TAB-010'),
(11, 11, 3, 2, NULL, 'LOTE-CAM-011'), (12, 12, 20, 17, NULL, 'LOTE-IMP-012'),
(13, 13, 30, 25, NULL, 'LOTE-TEC-013'), (14, 14, 10, 8, NULL, 'LOTE-MO-014'),
(15, 15, 8, 6, NULL, 'LOTE-MON-015'), (16, 16, 25, 22, NULL, 'LOTE-SSD-016'),
(17, 17, 40, 35, NULL, 'LOTE-RAM-017'), (18, 18, 15, 12, NULL, 'LOTE-ROT-018'),
(19, 19, 10, 8, NULL, 'LOTE-FON-019'), (20, 20, 5, 3, NULL, 'LOTE-GPU-020'),
(21, 21, 100, 85, NULL, 'LOTE-CAM-021'), (22, 22, 50, 43, NULL, 'LOTE-CJ-022'),
(23, 23, 20, 16, NULL, 'LOTE-TEN-023'), (24, 24, 15, 13, NULL, 'LOTE-MOC-024'),
(25, 25, 10, 9, NULL, 'LOTE-OC-025'), (26, 26, 30, 26, NULL, 'LOTE-LV1-026'),
(27, 27, 30, 27, NULL, 'LOTE-LV2-027'), (28, 28, 5, 4, NULL, 'LOTE-CAD-028'),
(29, 29, 8, 7, NULL, 'LOTE-MES-029'), (30, 30, 20, 18, NULL, 'LOTE-LUM-030'),
(31, 31, 15, 14, NULL, 'LOTE-GAR-031'), (32, 32, 30, 28, NULL, 'LOTE-MAR-032'),
(33, 33, 20, 18, NULL, 'LOTE-PAN-033'), (34, 34, 10, 9, NULL, 'LOTE-FAC-034'),
(35, 35, 15, 14, NULL, 'LOTE-AF-035'), (36, 36, 5, 4, NULL, 'LOTE-BAT-036'),
(37, 37, 8, 7, NULL, 'LOTE-LIQ-037'), (38, 38, 20, 19, NULL, 'LOTE-FER-038'),
(39, 39, 25, 23, NULL, 'LOTE-ASP-039'), (40, 40, 10, 9, NULL, 'LOTE-PUR-040'),
(41, 41, 8, 7, NULL, 'LOTE-BIC-041'), (42, 42, 20, 18, NULL, 'LOTE-SKT-042'),
(43, 43, 30, 27, NULL, 'LOTE-HAL-043'), (44, 44, 3, 2, NULL, 'LOTE-ELP-044'),
(45, 45, 50, 47, NULL, 'LOTE-TAP-045'), (46, 46, 20, 18, '2026-12-31', 'LOTE-PER-046'),
(47, 47, 50, 47, '2026-06-30', 'LOTE-CRE-047'), (48, 48, 30, 28, '2026-06-30', 'LOTE-SHA-048'),
(49, 49, 40, 37, '2026-08-31', 'LOTE-PRO-049'), (50, 50, 40, 38, '2026-12-31', 'LOTE-VIT-050');

-- Tabela: local_armazenamento (50 registros)
INSERT INTO local_armazenamento (nome, descricao, estoque_idestoque) VALUES
('Galpão A - Prateleira 01', 'Setor de eletrônicos de grande porte', 1),
('Galpão A - Prateleira 02', 'Setor de eletrônicos portáteis', 2),
('Galpão A - Prateleira 03', 'Setor de TVs e monitores', 3),
('Galpão B - Prateleira 01', 'Setor de eletrodomésticos', 4),
('Galpão B - Prateleira 02', 'Setor de eletrodomésticos', 5),
('Galpão B - Prateleira 03', 'Setor de climatização', 6),
('Galpão B - Prateleira 04', 'Setor de pequenos eletrodomésticos', 7),
('Galpão B - Prateleira 05', 'Setor de cafeteiras', 8),
('Galpão A - Prateleira 04', 'Setor de acessórios eletrônicos', 9),
('Galpão A - Prateleira 05', 'Setor de tablets e dispositivos', 10),
('Galpão A - Prateleira 06', 'Setor de câmeras fotográficas', 11),
('Galpão A - Prateleira 07', 'Setor de impressoras', 12),
('Galpão A - Prateleira 08', 'Setor de periféricos', 13),
('Galpão A - Prateleira 09', 'Setor de periféricos', 14),
('Galpão A - Prateleira 10', 'Setor de monitores', 15),
('Galpão C - Prateleira 01', 'Setor de componentes de informática', 16),
('Galpão C - Prateleira 02', 'Setor de componentes de informática', 17),
('Galpão C - Prateleira 03', 'Setor de redes', 18),
('Galpão C - Prateleira 04', 'Setor de fontes e cabos', 19),
('Galpão C - Prateleira 05', 'Setor de placas de vídeo', 20),
('Galpão D - Prateleira 01', 'Setor de vestuário masculino', 21),
('Galpão D - Prateleira 02', 'Setor de vestuário masculino', 22),
('Galpão D - Prateleira 03', 'Setor de calçados', 23),
('Galpão D - Prateleira 04', 'Setor de bolsas e mochilas', 24),
('Galpão D - Prateleira 05', 'Setor de acessórios', 25),
('Galpão E - Prateleira 01', 'Setor de livros', 26),
('Galpão E - Prateleira 02', 'Setor de livros', 27),
('Galpão E - Prateleira 03', 'Setor de móveis e escritório', 28),
('Galpão E - Prateleira 04', 'Setor de móveis e escritório', 29),
('Galpão E - Prateleira 05', 'Setor de iluminação', 30),
('Galpão F - Prateleira 01', 'Setor de utilidades domésticas', 31),
('Galpão F - Prateleira 02', 'Setor de utilidades domésticas', 32),
('Galpão F - Prateleira 03', 'Setor de panelas e utensílios', 33),
('Galpão F - Prateleira 04', 'Setor de cutelaria', 34),
('Galpão F - Prateleira 05', 'Setor de fritadeiras', 35),
('Galpão F - Prateleira 06', 'Setor de batedeiras', 36),
('Galpão F - Prateleira 07', 'Setor de liquidificadores', 37),
('Galpão F - Prateleira 08', 'Setor de ferros de passar', 38),
('Galpão F - Prateleira 09', 'Setor de aspiradores', 39),
('Galpão F - Prateleira 10', 'Setor de purificadores de água', 40),
('Galpão G - Prateleira 01', 'Setor de bicicletas', 41),
('Galpão G - Prateleira 02', 'Setor de esportes radicais', 42),
('Galpão G - Prateleira 03', 'Setor de musculação', 43),
('Galpão G - Prateleira 04', 'Setor de cardio e fitness', 44),
('Galpão G - Prateleira 05', 'Setor de acessórios fitness', 45),
('Galpão H - Prateleira 01', 'Setor de beleza e perfumaria', 46),
('Galpão H - Prateleira 02', 'Setor de cuidados pessoais', 47),
('Galpão H - Prateleira 03', 'Setor de shampoos', 48),
('Galpão H - Prateleira 04', 'Setor de proteção solar', 49),
('Galpão H - Prateleira 05', 'Setor de suplementos', 50);

-- ==============================================
-- MÓDULO 5 - CLIENTES
-- ==============================================

-- Tabela: telefone_cliente (50 registros)
INSERT INTO telefone_cliente (numero, cliente_idcliente) VALUES
('85991001001', 1), ('11992002002', 2), ('21993003003', 3), ('31994004004', 4), ('85995005005', 5),
('11996006006', 6), ('21997007007', 7), ('31998008008', 8), ('85999009009', 9), ('11990010010', 10),
('85991011011', 11), ('11992012012', 12), ('21993013013', 13), ('31994014014', 14), ('85995015015', 15),
('11996016016', 16), ('21997017017', 17), ('31998018018', 18), ('85999019019', 19), ('11990020020', 20),
('85991021021', 21), ('11992022022', 22), ('21993023023', 23), ('31994024024', 24), ('85995025025', 25),
('11996026026', 26), ('21997027027', 27), ('31998028028', 28), ('85999029029', 29), ('11990030030', 30),
('85991031031', 31), ('11992032032', 32), ('21993033033', 33), ('31994034034', 34), ('85995035035', 35),
('11996036036', 36), ('21997037037', 37), ('31998038038', 38), ('85999039039', 39), ('11990040040', 40),
('85991041041', 41), ('11992042042', 42), ('21993043043', 43), ('31994044044', 44), ('85995045045', 45),
('11996046046', 46), ('21997047047', 47), ('31998048048', 48), ('85999049049', 49), ('11990050050', 50);

-- Tabela: endereco (50 registros)
INSERT INTO endereco (logradouro, numero, complemento, bairro, cidade, uf, cep, cliente_idcliente) VALUES
('Rua das Flores', '100', 'Apto 201', 'Aldeota', 'Fortaleza', 'CE', '60140150', 1),
('Av. Paulista', '2000', 'Conj. 302', 'Bela Vista', 'São Paulo', 'SP', '01310100', 2),
('Rua do Catete', '150', NULL, 'Catete', 'Rio de Janeiro', 'RJ', '22220000', 3),
('Av. Afonso Pena', '500', 'Sala 10', 'Centro', 'Belo Horizonte', 'MG', '30130001', 4),
('Rua Senador Almino', '300', NULL, 'Centro', 'Fortaleza', 'CE', '60040060', 5),
('Rua Haddock Lobo', '800', 'Apto 55', 'Cerqueira César', 'São Paulo', 'SP', '01414003', 6),
('Rua Visconde de Pirajá', '414', NULL, 'Ipanema', 'Rio de Janeiro', 'RJ', '22410002', 7),
('Av. do Contorno', '3000', 'Apto 701', 'Savassi', 'Belo Horizonte', 'MG', '30110082', 8),
('Av. Beira Mar', '3000', NULL, 'Meireles', 'Fortaleza', 'CE', '60165121', 9),
('Rua Augusta', '700', 'Apto 12', 'Consolação', 'São Paulo', 'SP', '01304001', 10),
('Rua General Glicério', '200', NULL, 'Laranjeiras', 'Rio de Janeiro', 'RJ', '22245000', 11),
('Rua Fernandes Tourinho', '100', 'Apto 401', 'Savassi', 'Belo Horizonte', 'MG', '30112050', 12),
('Rua Monsenhor Bruno', '1500', NULL, 'Aldeota', 'Fortaleza', 'CE', '60115191', 13),
('Rua da Consolação', '3000', 'Apto 88', 'Consolação', 'São Paulo', 'SP', '01301000', 14),
('Rua Barata Ribeiro', '500', NULL, 'Copacabana', 'Rio de Janeiro', 'RJ', '22011010', 15),
('Av. Raja Gabaglia', '1500', 'Apto 1201', 'Luxemburgo', 'Belo Horizonte', 'MG', '30380090', 16),
('Rua Dom Luís', '500', NULL, 'Meireles', 'Fortaleza', 'CE', '60160230', 17),
('Al. Santos', '2200', 'Apto 31', 'Jardim Paulista', 'São Paulo', 'SP', '01418200', 18),
('Rua Figueiredo Magalhães', '300', NULL, 'Copacabana', 'Rio de Janeiro', 'RJ', '22031010', 19),
('Rua Maranhão', '200', 'Apto 201', 'Funcionários', 'Belo Horizonte', 'MG', '30150330', 20),
('Av. Santos Dumont', '2800', 'Apto 102', 'Aldeota', 'Fortaleza', 'CE', '60150162', 21),
('Rua Oscar Freire', '500', NULL, 'Pinheiros', 'São Paulo', 'SP', '01426001', 22),
('Rua Santa Clara', '100', NULL, 'Copacabana', 'Rio de Janeiro', 'RJ', '22041010', 23),
('Rua Curitiba', '1500', 'Apto 801', 'Lourdes', 'Belo Horizonte', 'MG', '30170120', 24),
('Rua Tibúrcio Cavalcante', '800', NULL, 'Aldeota', 'Fortaleza', 'CE', '60125060', 25),
('Av. Rebouças', '3000', 'Apto 151', 'Pinheiros', 'São Paulo', 'SP', '05401300', 26),
('Rua Voluntários da Pátria', '200', NULL, 'Botafogo', 'Rio de Janeiro', 'RJ', '22270010', 27),
('Av. Bias Fortes', '600', 'Apto 501', 'Lourdes', 'Belo Horizonte', 'MG', '30170010', 28),
('Rua Prof. Costa Mendes', '400', NULL, 'Benfica', 'Fortaleza', 'CE', '60430040', 29),
('Rua Bela Cintra', '1900', 'Apto 22', 'Jardins', 'São Paulo', 'SP', '01415001', 30),
('Rua Lauro Müller', '150', NULL, 'Botafogo', 'Rio de Janeiro', 'RJ', '22290160', 31),
('Rua Gonçalves Dias', '800', 'Apto 301', 'Funcionários', 'Belo Horizonte', 'MG', '30140091', 32),
('Rua Antônio Augusto', '1200', NULL, 'Meireles', 'Fortaleza', 'CE', '60160110', 33),
('Av. Europa', '500', 'Apto 41', 'Jardim Europa', 'São Paulo', 'SP', '01449000', 34),
('Rua Sá Ferreira', '300', NULL, 'Copacabana', 'Rio de Janeiro', 'RJ', '22071100', 35),
('Rua Espírito Santo', '1000', 'Apto 601', 'Lourdes', 'Belo Horizonte', 'MG', '30160030', 36),
('Rua Holanda', '200', NULL, 'Aldeota', 'Fortaleza', 'CE', '60140150', 37),
('Rua Pamplona', '1700', 'Apto 71', 'Jardim Paulista', 'São Paulo', 'SP', '01405100', 38),
('Rua Siqueira Campos', '100', NULL, 'Copacabana', 'Rio de Janeiro', 'RJ', '22031070', 39),
('Av. Getúlio Vargas', '2000', 'Apto 101', 'Funcionários', 'Belo Horizonte', 'MG', '30112022', 40),
('Rua Carlos Vasconcelos', '1500', NULL, 'Aldeota', 'Fortaleza', 'CE', '60135165', 41),
('Av. Brigadeiro Luís Antônio', '2500', 'Apto 11', 'Bela Vista', 'São Paulo', 'SP', '01401001', 42),
('Rua Hilário de Gouveia', '100', NULL, 'Copacabana', 'Rio de Janeiro', 'RJ', '22040020', 43),
('Rua da Bahia', '1000', 'Apto 201', 'Lourdes', 'Belo Horizonte', 'MG', '30160011', 44),
('Av. Heráclito Graça', '500', NULL, 'Centro', 'Fortaleza', 'CE', '60140001', 45),
('Rua Itapeva', '400', 'Apto 61', 'Bela Vista', 'São Paulo', 'SP', '01332000', 46),
('Rua Souza Lima', '200', NULL, 'Copacabana', 'Rio de Janeiro', 'RJ', '22081010', 47),
('Av. Cristóvão Colombo', '900', 'Apto 401', 'Funcionários', 'Belo Horizonte', 'MG', '30140120', 48),
('Rua Nogueira Acioli', '800', NULL, 'Aldeota', 'Fortaleza', 'CE', '60170210', 49),
('Rua Joaquim Távora', '1200', 'Apto 81', 'Vila Mariana', 'São Paulo', 'SP', '04015011', 50);

-- Tabela: produto_favorito (50 registros)
INSERT INTO produto_favorito (cliente_idcliente, produto_idproduto) VALUES
(1, 2), (2, 1), (3, 3), (4, 4), (5, 6), (6, 9), (7, 11), (8, 15), (9, 7), (10, 10),
(11, 13), (12, 14), (13, 20), (14, 28), (15, 35), (16, 23), (17, 5), (18, 16), (19, 18), (20, 36),
(21, 37), (22, 21), (23, 22), (24, 25), (25, 24), (26, 26), (27, 27), (28, 46), (29, 47), (30, 30),
(31, 31), (32, 32), (33, 33), (34, 34), (35, 8), (36, 12), (37, 17), (38, 19), (39, 29), (40, 38),
(41, 39), (42, 40), (43, 41), (44, 42), (45, 43), (46, 44), (47, 45), (48, 48), (49, 49), (50, 50);

-- ==============================================
-- MÓDULO 6 - VENDAS
-- ==============================================

-- Tabela: vendas (50 registros)
INSERT INTO vendas (cliente_idcliente, Vendedor_idVendedor, data_venda) VALUES
(1, 1, '2024-01-15 09:30:00'), (2, 2, '2024-01-16 10:45:00'), (3, 3, '2024-01-17 11:00:00'),
(4, 4, '2024-01-18 14:30:00'), (5, 5, '2024-01-19 15:00:00'), (6, 6, '2024-01-20 09:00:00'),
(7, 7, '2024-01-21 10:00:00'), (8, 8, '2024-01-22 11:30:00'), (9, 9, '2024-01-23 14:00:00'),
(10, 10, '2024-01-24 15:30:00'), (11, 11, '2024-01-25 09:15:00'), (12, 12, '2024-01-26 10:30:00'),
(13, 13, '2024-01-27 13:00:00'), (14, 14, '2024-01-28 14:45:00'), (15, 15, '2024-01-29 16:00:00'),
(16, 16, '2024-01-30 09:30:00'), (17, 17, '2024-01-31 11:00:00'), (18, 18, '2024-02-01 13:30:00'),
(19, 19, '2024-02-02 15:00:00'), (20, 20, '2024-02-03 09:45:00'), (21, 21, '2024-02-04 10:00:00'),
(22, 22, '2024-02-05 11:15:00'), (23, 23, '2024-02-06 13:45:00'), (24, 24, '2024-02-07 15:30:00'),
(25, 25, '2024-02-08 09:00:00'), (26, 26, '2024-02-09 10:30:00'), (27, 27, '2024-02-10 12:00:00'),
(28, 28, '2024-02-11 14:00:00'), (29, 29, '2024-02-12 16:30:00'), (30, 30, '2024-02-13 09:20:00'),
(31, 31, '2024-02-14 10:45:00'), (32, 32, '2024-02-15 12:30:00'), (33, 33, '2024-02-16 14:15:00'),
(34, 34, '2024-02-17 15:45:00'), (35, 35, '2024-02-18 09:10:00'), (36, 36, '2024-02-19 10:55:00'),
(37, 37, '2024-02-20 12:20:00'), (38, 38, '2024-02-21 14:05:00'), (39, 39, '2024-02-22 15:50:00'),
(40, 40, '2024-02-23 09:35:00'), (41, 41, '2024-02-24 11:10:00'), (42, 42, '2024-02-25 13:00:00'),
(43, 43, '2024-02-26 14:40:00'), (44, 44, '2024-02-27 16:25:00'), (45, 45, '2024-02-28 09:50:00'),
(46, 46, '2024-02-29 11:25:00'), (47, 47, '2024-03-01 13:10:00'), (48, 48, '2024-03-02 14:55:00'),
(49, 49, '2024-03-03 16:40:00'), (50, 50, '2024-03-04 09:05:00');

-- Tabela: avaliacao (50 registros)
INSERT INTO avaliacao (venda_idvenda, nota, comentario) VALUES
(1, 5, 'Excelente produto! Chegou no prazo.'), (2, 4, 'Muito bom, embalagem perfeita.'),
(3, 5, 'Adorei! Superou minhas expectativas.'), (4, 3, 'Produto ok, mas a entrega atrasou.'),
(5, 5, 'Ótimo custo-benefício!'), (6, 4, 'Muito bom produto.'),
(7, 2, 'Veio com pequeno arranhão.'), (8, 5, 'Perfeito! Recomendo.'),
(9, 4, 'Bom produto, bem embalado.'), (10, 5, 'Incrível! Muito satisfeito.'),
(11, 3, 'Razoável. Esperava mais.'), (12, 5, 'Excelente qualidade!'),
(13, 4, 'Muito bom, gostei bastante.'), (14, 5, 'Produto top de linha!'),
(15, 4, 'Gostei bastante do produto.'), (16, 5, 'Muito satisfeito com a compra!'),
(17, 2, 'Produto veio com defeito.'), (18, 5, 'Melhor compra que já fiz!'),
(19, 4, 'Ótimo produto, recomendo.'), (20, 5, 'Excelente! Chegou antes do prazo.'),
(21, 3, 'Produto dentro do esperado.'), (22, 5, 'Muito bom! Qualidade ótima.'),
(23, 4, 'Gostei. Boa relação qualidade/preço.'), (24, 5, 'Recomendo! Produto de qualidade.'),
(25, 4, 'Muito satisfeito.'), (26, 1, 'Produto danificado na entrega.'),
(27, 5, 'Excelente! Muito satisfeito.'), (28, 4, 'Produto bom, entrega rápida.'),
(29, 5, 'Amei! Superou minhas expectativas.'), (30, 3, 'Produto ok, mas poderia ser melhor.'),
(31, 5, 'Ótima qualidade! Recomendo.'), (32, 4, 'Muito bom produto!'),
(33, 5, 'Excelente! Melhor que o esperado.'), (34, 4, 'Bom produto, boa embalagem.'),
(35, 5, 'Incrível! Super recomendo.'), (36, 3, 'Produto regular, nada especial.'),
(37, 5, 'Excelente qualidade! Muito bom.'), (38, 4, 'Bom! Atendeu minhas expectativas.'),
(39, 5, 'Fantástico! Entrega impecável.'), (40, 4, 'Muito satisfeito com a compra.'),
(41, 5, 'Produto incrível! Recomendo!'), (42, 3, 'Razoável. Embalagem danificada.'),
(43, 5, 'Excelente produto! Muito bom.'), (44, 4, 'Gostei bastante, recomendo.'),
(45, 5, 'Perfeito! Melhor custo-benefício.'), (46, 4, 'Bom produto! Entrega no prazo.'),
(47, 5, 'Adorei! Qualidade excelente.'), (48, 3, 'Produto ok, entrega demorou.'),
(49, 5, 'Excelente! Muito satisfeito.'), (50, 4, 'Bom produto, recomendo.');

-- Tabela: item_venda (50 registros)
INSERT INTO item_venda (venda_idvenda, produto_idproduto, quantidade, preco_unitario) VALUES
(1, 2, 1, 1799.90), (2, 1, 1, 3299.90), (3, 3, 1, 2499.90), (4, 4, 1, 3199.90),
(5, 6, 1, 1599.90), (6, 9, 1, 1999.90), (7, 11, 1, 3999.90), (8, 15, 1, 799.90),
(9, 7, 2, 499.90), (10, 10, 1, 1199.90), (11, 13, 1, 299.90), (12, 14, 1, 599.90),
(13, 20, 1, 1299.90), (14, 28, 1, 1299.90), (15, 35, 1, 499.90), (16, 23, 1, 399.90),
(17, 5, 1, 2799.90), (18, 16, 2, 299.90), (19, 18, 1, 249.90), (20, 36, 1, 1899.90),
(21, 37, 1, 999.90), (22, 21, 3, 69.90), (23, 22, 2, 129.90), (24, 25, 1, 599.90),
(25, 24, 1, 299.90), (26, 26, 2, 89.90), (27, 27, 1, 59.90), (28, 46, 1, 189.90),
(29, 47, 2, 29.90), (30, 30, 1, 199.90), (31, 31, 1, 149.90), (32, 32, 1, 89.90),
(33, 33, 1, 219.90), (34, 34, 1, 349.90), (35, 8, 1, 699.90), (36, 12, 1, 399.90),
(37, 17, 2, 179.90), (38, 19, 1, 499.90), (39, 29, 1, 799.90), (40, 38, 1, 299.90),
(41, 39, 1, 199.90), (42, 40, 1, 999.90), (43, 41, 1, 1799.90), (44, 42, 2, 249.90),
(45, 43, 2, 149.90), (46, 44, 1, 3499.90), (47, 45, 1, 89.90), (48, 48, 1, 59.90),
(49, 49, 2, 69.90), (50, 50, 1, 89.90);

-- ==============================================
-- MÓDULO 7 - ENTREGA E RASTREAMENTO
-- ==============================================

-- Tabela: entrega (50 registros)
INSERT INTO entrega (venda_idvenda, transportadora_idtransportadora, endereco_idendereco, data_envio, previsao_entrega, recebido_por, entregue) VALUES
(1, 1, 1, '2024-01-16', '2024-01-20', 'Maria Aparecida Silva', 1),
(2, 2, 2, '2024-01-17', '2024-01-21', 'João Carlos Santos', 1),
(3, 3, 3, '2024-01-18', '2024-01-22', NULL, 0),
(4, 4, 4, '2024-01-19', '2024-01-23', 'Pedro Henrique Ferreira', 1),
(5, 5, 5, '2024-01-20', '2024-01-24', 'Luíza Cristina Rodrigues', 1),
(6, 6, 6, '2024-01-21', '2024-01-25', NULL, 0),
(7, 7, 7, '2024-01-22', '2024-01-26', 'Fernanda Maria Costa', 1),
(8, 8, 8, '2024-01-23', '2024-01-27', 'Ricardo Alves Pereira', 1),
(9, 9, 9, '2024-01-24', '2024-01-28', 'Cláudia Regina Souza', 1),
(10, 10, 10, '2024-01-25', '2024-01-29', NULL, 0),
(11, 11, 11, '2024-01-26', '2024-01-30', 'Tatiana Freitas Barbosa', 1),
(12, 12, 12, '2024-01-27', '2024-01-31', 'Renato Pires Carvalho', 1),
(13, 13, 13, '2024-01-28', '2024-02-01', NULL, 0),
(14, 14, 14, '2024-01-29', '2024-02-02', 'Fábio Nogueira Castro', 1),
(15, 15, 15, '2024-01-30', '2024-02-03', 'Sandra Leite Torres', 1),
(16, 16, 16, '2024-01-31', '2024-02-04', 'Alexandre Vieira Monteiro', 1),
(17, 17, 17, '2024-02-01', '2024-02-05', NULL, 0),
(18, 18, 18, '2024-02-02', '2024-02-06', 'Eduardo Melo Correia', 1),
(19, 19, 19, '2024-02-03', '2024-02-07', 'Carolina Batista Mendes', 1),
(20, 20, 20, '2024-02-04', '2024-02-08', 'Gustavo Rocha Nunes', 1),
(21, 21, 21, '2024-02-05', '2024-02-09', 'Letícia Duarte Campos', 1),
(22, 22, 22, '2024-02-06', '2024-02-10', NULL, 0),
(23, 23, 23, '2024-02-07', '2024-02-11', 'Juliana Cardoso Martins', 1),
(24, 24, 24, '2024-02-08', '2024-02-12', 'Daniel Marques Teixeira', 1),
(25, 25, 25, '2024-02-09', '2024-02-13', 'Simone Cavalcante Rezende', 1),
(26, 26, 26, '2024-02-10', '2024-02-14', NULL, 0),
(27, 27, 27, '2024-02-11', '2024-02-15', 'Patrícia Ramos Moraes', 1),
(28, 28, 28, '2024-02-12', '2024-02-16', 'Caio Albuquerque Pinto', 1),
(29, 29, 29, '2024-02-13', '2024-02-17', 'Bianca Nascimento Cruz', 1),
(30, 30, 30, '2024-02-14', '2024-02-18', NULL, 0),
(31, 31, 31, '2024-02-15', '2024-02-19', 'Monique Saraiva Brito', 1),
(32, 32, 32, '2024-02-16', '2024-02-20', 'Leandro Dantas Fontes', 1),
(33, 33, 33, '2024-02-17', '2024-02-21', NULL, 0),
(34, 34, 34, '2024-02-18', '2024-02-22', 'Vinícius Lacerda Guimarães', 1),
(35, 35, 35, '2024-02-19', '2024-02-23', 'Aline Borges Lustosa', 1),
(36, 36, 36, '2024-02-20', '2024-02-24', 'Mateus Coutinho Braga', 1),
(37, 37, 37, '2024-02-21', '2024-02-25', NULL, 0),
(38, 38, 38, '2024-02-22', '2024-02-26', 'Igor Passos Bezerra', 1),
(39, 39, 39, '2024-02-23', '2024-02-27', 'Jaqueline Sampaio Aguiar', 1),
(40, 40, 40, '2024-02-24', '2024-02-28', 'André Ximenes Carneiro', 1),
(41, 41, 41, '2024-02-25', '2024-02-29', NULL, 0),
(42, 42, 42, '2024-02-26', '2024-03-01', 'Thales Fernandes Silveira', 1),
(43, 43, 43, '2024-02-27', '2024-03-02', 'Camila Cavalcanti Almeida', 1),
(44, 44, 44, '2024-02-28', '2024-03-03', 'Roberto Medeiros Macedo', 1),
(45, 45, 45, '2024-02-29', '2024-03-04', NULL, 0),
(46, 46, 46, '2024-03-01', '2024-03-05', 'Otávio Figueiredo Paiva', 1),
(47, 47, 47, '2024-03-02', '2024-03-06', 'Nathália Rezende Freire', 1),
(48, 48, 48, '2024-03-03', '2024-03-07', 'Cristiano Belo Sousa', 1),
(49, 49, 49, '2024-03-04', '2024-03-08', NULL, 0),
(50, 50, 50, '2024-03-05', '2024-03-09', 'Wellington Bastos Fontoura', 1);

-- Tabela: meio_transporte (50 registros)
INSERT INTO meio_transporte (descricao, entrega_identrega) VALUES
('Caminhão baú', 1), ('Moto', 2), ('Van', 3), ('Caminhão baú', 4), ('Van', 5),
('Avião', 6), ('Caminhão baú', 7), ('Moto', 8), ('Van', 9), ('Caminhão baú', 10),
('Avião', 11), ('Van', 12), ('Caminhão baú', 13), ('Moto', 14), ('Van', 15),
('Caminhão baú', 16), ('Avião', 17), ('Van', 18), ('Moto', 19), ('Caminhão baú', 20),
('Van', 21), ('Avião', 22), ('Caminhão baú', 23), ('Moto', 24), ('Van', 25),
('Caminhão baú', 26), ('Avião', 27), ('Van', 28), ('Moto', 29), ('Caminhão baú', 30),
('Van', 31), ('Avião', 32), ('Caminhão baú', 33), ('Moto', 34), ('Van', 35),
('Caminhão baú', 36), ('Avião', 37), ('Van', 38), ('Moto', 39), ('Caminhão baú', 40),
('Van', 41), ('Avião', 42), ('Caminhão baú', 43), ('Moto', 44), ('Van', 45),
('Caminhão baú', 46), ('Avião', 47), ('Van', 48), ('Moto', 49), ('Caminhão baú', 50);

-- Tabela: rastreamento (50 registros)
INSERT INTO rastreamento (data_hora, entrega_identrega) VALUES
('2024-01-16 08:00:00', 1), ('2024-01-17 09:00:00', 2), ('2024-01-18 10:00:00', 3),
('2024-01-19 08:30:00', 4), ('2024-01-20 09:30:00', 5), ('2024-01-21 10:30:00', 6),
('2024-01-22 08:00:00', 7), ('2024-01-23 09:00:00', 8), ('2024-01-24 10:00:00', 9),
('2024-01-25 08:30:00', 10), ('2024-01-26 09:30:00', 11), ('2024-01-27 10:30:00', 12),
('2024-01-28 08:00:00', 13), ('2024-01-29 09:00:00', 14), ('2024-01-30 10:00:00', 15),
('2024-01-31 08:30:00', 16), ('2024-02-01 09:30:00', 17), ('2024-02-02 10:30:00', 18),
('2024-02-03 08:00:00', 19), ('2024-02-04 09:00:00', 20), ('2024-02-05 10:00:00', 21),
('2024-02-06 08:30:00', 22), ('2024-02-07 09:30:00', 23), ('2024-02-08 10:30:00', 24),
('2024-02-09 08:00:00', 25), ('2024-02-10 09:00:00', 26), ('2024-02-11 10:00:00', 27),
('2024-02-12 08:30:00', 28), ('2024-02-13 09:30:00', 29), ('2024-02-14 10:30:00', 30),
('2024-02-15 08:00:00', 31), ('2024-02-16 09:00:00', 32), ('2024-02-17 10:00:00', 33),
('2024-02-18 08:30:00', 34), ('2024-02-19 09:30:00', 35), ('2024-02-20 10:30:00', 36),
('2024-02-21 08:00:00', 37), ('2024-02-22 09:00:00', 38), ('2024-02-23 10:00:00', 39),
('2024-02-24 08:30:00', 40), ('2024-02-25 09:30:00', 41), ('2024-02-26 10:30:00', 42),
('2024-02-27 08:00:00', 43), ('2024-02-28 09:00:00', 44), ('2024-02-29 10:00:00', 45),
('2024-03-01 08:30:00', 46), ('2024-03-02 09:30:00', 47), ('2024-03-03 10:30:00', 48),
('2024-03-04 08:00:00', 49), ('2024-03-05 09:00:00', 50);

-- Tabela: local (50 registros)
INSERT INTO local (rastreamento_idrastreamento, nome, cidade, uf) VALUES
(1, 'Centro de Distribuição SP', 'São Paulo', 'SP'), (2, 'Centro de Distribuição SP', 'São Paulo', 'SP'),
(3, 'Centro de Distribuição RJ', 'Rio de Janeiro', 'RJ'), (4, 'Centro de Distribuição MG', 'Belo Horizonte', 'MG'),
(5, 'Centro de Distribuição CE', 'Fortaleza', 'CE'), (6, 'Centro de Distribuição SP', 'São Paulo', 'SP'),
(7, 'Agência RJ', 'Rio de Janeiro', 'RJ'), (8, 'Centro de Distribuição MG', 'Belo Horizonte', 'MG'),
(9, 'Agência CE', 'Fortaleza', 'CE'), (10, 'Centro de Distribuição SP', 'São Paulo', 'SP'),
(11, 'Agência SP', 'São Paulo', 'SP'), (12, 'Centro de Distribuição RJ', 'Rio de Janeiro', 'RJ'),
(13, 'Agência CE', 'Fortaleza', 'CE'), (14, 'Centro de Distribuição SP', 'São Paulo', 'SP'),
(15, 'Agência RJ', 'Rio de Janeiro', 'RJ'), (16, 'Centro de Distribuição MG', 'Belo Horizonte', 'MG'),
(17, 'Agência SP', 'São Paulo', 'SP'), (18, 'Centro de Distribuição SP', 'São Paulo', 'SP'),
(19, 'Agência RJ', 'Rio de Janeiro', 'RJ'), (20, 'Centro de Distribuição MG', 'Belo Horizonte', 'MG'),
(21, 'Agência CE', 'Fortaleza', 'CE'), (22, 'Centro de Distribuição SP', 'São Paulo', 'SP'),
(23, 'Agência RJ', 'Rio de Janeiro', 'RJ'), (24, 'Centro de Distribuição MG', 'Belo Horizonte', 'MG'),
(25, 'Agência CE', 'Fortaleza', 'CE'), (26, 'Centro de Distribuição SP', 'São Paulo', 'SP'),
(27, 'Agência MG', 'Belo Horizonte', 'MG'), (28, 'Centro de Distribuição CE', 'Fortaleza', 'CE'),
(29, 'Agência CE', 'Fortaleza', 'CE'), (30, 'Centro de Distribuição SP', 'São Paulo', 'SP'),
(31, 'Agência RJ', 'Rio de Janeiro', 'RJ'), (32, 'Centro de Distribuição MG', 'Belo Horizonte', 'MG'),
(33, 'Agência CE', 'Fortaleza', 'CE'), (34, 'Centro de Distribuição SP', 'São Paulo', 'SP'),
(35, 'Agência RJ', 'Rio de Janeiro', 'RJ'), (36, 'Centro de Distribuição MG', 'Belo Horizonte', 'MG'),
(37, 'Agência SP', 'São Paulo', 'SP'), (38, 'Centro de Distribuição SP', 'São Paulo', 'SP'),
(39, 'Agência RJ', 'Rio de Janeiro', 'RJ'), (40, 'Centro de Distribuição MG', 'Belo Horizonte', 'MG'),
(41, 'Agência CE', 'Fortaleza', 'CE'), (42, 'Centro de Distribuição SP', 'São Paulo', 'SP'),
(43, 'Agência MG', 'Belo Horizonte', 'MG'), (44, 'Centro de Distribuição CE', 'Fortaleza', 'CE'),
(45, 'Agência CE', 'Fortaleza', 'CE'), (46, 'Centro de Distribuição SP', 'São Paulo', 'SP'),
(47, 'Agência RJ', 'Rio de Janeiro', 'RJ'), (48, 'Centro de Distribuição MG', 'Belo Horizonte', 'MG'),
(49, 'Agência CE', 'Fortaleza', 'CE'), (50, 'Centro de Distribuição SP', 'São Paulo', 'SP');

-- Tabela: status (50 registros)
INSERT INTO status (descricao, rastreamento_idrastreamento) VALUES
('Pedido coletado', 1), ('Pedido coletado', 2), ('Em trânsito', 3),
('Entregue ao destinatário', 4), ('Entregue ao destinatário', 5), ('Em trânsito', 6),
('Entregue ao destinatário', 7), ('Entregue ao destinatário', 8), ('Entregue ao destinatário', 9),
('Em trânsito', 10), ('Entregue ao destinatário', 11), ('Entregue ao destinatário', 12),
('Em trânsito', 13), ('Entregue ao destinatário', 14), ('Entregue ao destinatário', 15),
('Entregue ao destinatário', 16), ('Em trânsito', 17), ('Entregue ao destinatário', 18),
('Entregue ao destinatário', 19), ('Entregue ao destinatário', 20), ('Entregue ao destinatário', 21),
('Em trânsito', 22), ('Entregue ao destinatário', 23), ('Entregue ao destinatário', 24),
('Entregue ao destinatário', 25), ('Em trânsito', 26), ('Entregue ao destinatário', 27),
('Entregue ao destinatário', 28), ('Entregue ao destinatário', 29), ('Em trânsito', 30),
('Entregue ao destinatário', 31), ('Entregue ao destinatário', 32), ('Em trânsito', 33),
('Entregue ao destinatário', 34), ('Entregue ao destinatário', 35), ('Entregue ao destinatário', 36),
('Em trânsito', 37), ('Entregue ao destinatário', 38), ('Entregue ao destinatário', 39),
('Entregue ao destinatário', 40), ('Em trânsito', 41), ('Entregue ao destinatário', 42),
('Entregue ao destinatário', 43), ('Entregue ao destinatário', 44), ('Em trânsito', 45),
('Entregue ao destinatário', 46), ('Entregue ao destinatário', 47), ('Entregue ao destinatário', 48),
('Em trânsito', 49), ('Entregue ao destinatário', 50);

SET FOREIGN_KEY_CHECKS = 1;
